,summary,config,name
1,"{'_runtime': 20918.4175266, '_step': 35, '_timestamp': 1745100835.3896575, '_wandb': {'runtime': 21172}, 'batch_size': 128, 'best_epoch': 34, 'best_test': 0.013228481312537389, 'best_train': 0.0007986824880751397, 'best_val': 0.01354147674560192, 'epoch': 35, 'lr': 0.001, 'n_epochs': 200, 'test_loss': 0.01334025708187948, 'time': 20871.155866861343, 'train_loss': 0.000949726941360582, 'val_loss': 0.014194823868040529}","{'lr': 0.001, 'loss': 'mse', 'es_delta': 1e-07, 'mode_dnn': 'FFNet', 'mode_rnn': 'new', 'n_epochs': 200, 'batch_size': 128, 'es_patience': 25, 'decoder_mode': False, 'decoder_size': 2, 'encoder_size': 2, 'sched_factor': 3, 'decoder_depth': 2, 'encoder_depth': 2, 'x_update_mode': 'entropy', 'optimiser_mode': 'adam', 'sched_patience': 10, 'control_rnn_size': 64, 'control_rnn_depth': 1, 'linearisation_mode': 'static', 'discretisation_mode': 'FE'}",nad_big_fin-01
2,"{'_runtime': 20946.5638663, '_step': 35, '_timestamp': 1745100931.2888312, '_wandb': {'runtime': 21104}, 'batch_size': 128, 'best_epoch': 18, 'best_test': 0.012614788380839553, 'best_train': 0.0008777877583125946, 'best_val': 0.012534140356971571, 'epoch': 35, 'lr': 0.0003333333333333333, 'n_epochs': 200, 'test_loss': 0.011997584525878275, 'time': 20884.7266292572, 'train_loss': 0.0004419313808327951, 'val_loss': 0.012662390446556466}","{'lr': 0.001, 'loss': 'mse', 'es_delta': 1e-07, 'mode_dnn': 'FFNet', 'mode_rnn': 'new', 'n_epochs': 200, 'batch_size': 128, 'es_patience': 25, 'decoder_mode': False, 'decoder_size': 2, 'encoder_size': 2, 'sched_factor': 3, 'decoder_depth': 2, 'encoder_depth': 2, 'x_update_mode': 'entropy', 'optimiser_mode': 'adam', 'sched_patience': 10, 'control_rnn_size': 64, 'control_rnn_depth': 1, 'linearisation_mode': 'static', 'discretisation_mode': 'FE'}",nad_big_fin-02
3,"{'_runtime': 20340.4244992, '_step': 34, '_timestamp': 1745100382.149968, '_wandb': {'runtime': 21043}, 'batch_size': 128, 'best_epoch': 34, 'best_test': 0.014353031971647091, 'best_train': 0.0008035208618763597, 'best_val': 0.014285272066315104, 'epoch': 34, 'lr': 0.001, 'n_epochs': 200, 'test_loss': 0.014353031971647091, 'time': 20222.95652627945, 'train_loss': 0.0008035208618763597, 'val_loss': 0.014285272066315104}","{'lr': 0.001, 'loss': 'mse', 'es_delta': 1e-07, 'mode_dnn': 'FFNet', 'mode_rnn': 'new', 'n_epochs': 200, 'batch_size': 128, 'es_patience': 25, 'decoder_mode': False, 'decoder_size': 2, 'encoder_size': 2, 'sched_factor': 3, 'decoder_depth': 2, 'encoder_depth': 2, 'x_update_mode': 'entropy', 'optimiser_mode': 'adam', 'sched_patience': 10, 'control_rnn_size': 64, 'control_rnn_depth': 1, 'linearisation_mode': 'static', 'discretisation_mode': 'FE'}",nad_big_fin-03
4,"{'_runtime': 20390.182682, '_step': 34, '_timestamp': 1745100487.3707128, '_wandb': {'runtime': 20980}, 'batch_size': 128, 'best_epoch': 30, 'best_test': 0.013568337141935314, 'best_train': 0.0007222350737604771, 'best_val': 0.019243081818179537, 'epoch': 34, 'lr': 0.001, 'n_epochs': 200, 'test_loss': 0.013384483484385003, 'time': 20244.91659426689, 'train_loss': 0.0008383348407704265, 'val_loss': 0.019913775738262172}","{'lr': 0.001, 'loss': 'mse', 'es_delta': 1e-07, 'mode_dnn': 'FFNet', 'mode_rnn': 'new', 'n_epochs': 200, 'batch_size': 128, 'es_patience': 25, 'decoder_mode': False, 'decoder_size': 2, 'encoder_size': 2, 'sched_factor': 3, 'decoder_depth': 2, 'encoder_depth': 2, 'x_update_mode': 'entropy', 'optimiser_mode': 'adam', 'sched_patience': 10, 'control_rnn_size': 64, 'control_rnn_depth': 1, 'linearisation_mode': 'static', 'discretisation_mode': 'FE'}",nad_big_fin-04
5,"{'_runtime': 69374.078856881, '_step': 84, '_timestamp': 1745166156.402437, '_wandb': {'runtime': 69579}, 'batch_size': 128, 'best_epoch': 62, 'best_test': 0.01351093644708661, 'best_train': 0.0006474559301303031, 'best_val': 0.011232875972165771, 'epoch': 84, 'lr': 0.0001111111111111111, 'n_epochs': 200, 'test_loss': 0.01378350392250078, 'time': 69338.21682214737, 'train_loss': 0.0004109489130617779, 'val_loss': 0.01128048453080867}","{'lr': 0.001, 'loss': 'mse', 'es_delta': 1e-07, 'mode_dnn': 'FFNet', 'mode_rnn': 'new', 'n_epochs': 200, 'batch_size': 128, 'es_patience': 25, 'decoder_mode': False, 'decoder_size': 2, 'encoder_size': 2, 'sched_factor': 3, 'decoder_depth': 2, 'encoder_depth': 2, 'x_update_mode': 'entropy', 'optimiser_mode': 'adam', 'sched_patience': 10, 'control_rnn_size': 64, 'control_rnn_depth': 1, 'linearisation_mode': 'static', 'discretisation_mode': 'FE'}",nad_big_fin-05
6,"{'_runtime': 45093.309041007, '_step': 44, '_timestamp': 1745143028.5242949, '_wandb': {'runtime': 45094}, 'batch_size': 128, 'best_epoch': 19, 'best_test': 0.012933509226838526, 'best_train': 0.0010572996668795692, 'best_val': 0.013248032392723309, 'epoch': 44, 'lr': 0.0001111111111111111, 'n_epochs': 200, 'test_loss': 0.012981467679353608, 'time': 45037.27701091766, 'train_loss': 0.0004394294631180986, 'val_loss': 0.01348791500536858}","{'lr': 0.001, 'loss': 'mse', 'es_delta': 1e-07, 'mode_dnn': 'FFNet', 'mode_rnn': 'new', 'n_epochs': 200, 'batch_size': 128, 'es_patience': 25, 'decoder_mode': False, 'decoder_size': 2, 'encoder_size': 2, 'sched_factor': 3, 'decoder_depth': 2, 'encoder_depth': 2, 'x_update_mode': 'entropy', 'optimiser_mode': 'adam', 'sched_patience': 10, 'control_rnn_size': 64, 'control_rnn_depth': 1, 'linearisation_mode': 'static', 'discretisation_mode': 'FE'}",nad_big_fin-06
7,"{'_runtime': 68218.371826679, '_step': 80, '_timestamp': 1745166218.984239, '_wandb': {'runtime': 68353}, 'batch_size': 128, 'best_epoch': 80, 'best_test': 0.01370932222926058, 'best_train': 0.0006448104859229051, 'best_val': 0.012867838442963103, 'epoch': 80, 'lr': 0.001, 'n_epochs': 200, 'test_loss': 0.01370932222926058, 'time': 68082.22425889969, 'train_loss': 0.0006448104859229051, 'val_loss': 0.012867838442963103}","{'lr': 0.001, 'loss': 'mse', 'es_delta': 1e-07, 'mode_dnn': 'FFNet', 'mode_rnn': 'new', 'n_epochs': 200, 'batch_size': 128, 'es_patience': 25, 'decoder_mode': False, 'decoder_size': 2, 'encoder_size': 2, 'sched_factor': 3, 'decoder_depth': 2, 'encoder_depth': 2, 'x_update_mode': 'entropy', 'optimiser_mode': 'adam', 'sched_patience': 10, 'control_rnn_size': 64, 'control_rnn_depth': 1, 'linearisation_mode': 'static', 'discretisation_mode': 'FE'}",nad_big_fin-07
8,"{'_runtime': 68197.944018129, '_step': 79, '_timestamp': 1745166237.6178195, '_wandb': {'runtime': 68317}, 'batch_size': 128, 'best_epoch': 63, 'best_test': 0.011175838326813564, 'best_train': 0.00038989760021592253, 'best_val': 0.013259694048125915, 'epoch': 79, 'lr': 0.0001111111111111111, 'n_epochs': 200, 'test_loss': 0.011305271767750605, 'time': 68022.92754626274, 'train_loss': 0.0003707253361224301, 'val_loss': 0.013492836282932245}","{'lr': 0.001, 'loss': 'mse', 'es_delta': 1e-07, 'mode_dnn': 'FFNet', 'mode_rnn': 'new', 'n_epochs': 200, 'batch_size': 128, 'es_patience': 25, 'decoder_mode': False, 'decoder_size': 2, 'encoder_size': 2, 'sched_factor': 3, 'decoder_depth': 2, 'encoder_depth': 2, 'x_update_mode': 'entropy', 'optimiser_mode': 'adam', 'sched_patience': 10, 'control_rnn_size': 64, 'control_rnn_depth': 1, 'linearisation_mode': 'static', 'discretisation_mode': 'FE'}",nad_big_fin-08
