,summary,config,name
1,"{'_runtime': 26842.3529618, '_step': 50, '_timestamp': 1745075708.3849466, '_wandb': {'runtime': 26843}, 'batch_size': 128, 'best_epoch': 32, 'best_test': 0.0010187723265040578, 'best_train': 0.0003384075221244034, 'best_val': 0.0006947187971996351, 'epoch': 50, 'lr': 0.0001111111111111111, 'n_epochs': 200, 'test_loss': 0.0010110226976971645, 'time': 26801.28815627098, 'train_loss': 0.0003144677429137845, 'val_loss': 0.0007189330328459157}","{'lr': 0.001, 'loss': 'mse', 'es_delta': 1e-07, 'mode_dnn': 'FFNet', 'mode_rnn': 'new', 'n_epochs': 200, 'batch_size': 128, 'es_patience': 25, 'decoder_mode': False, 'decoder_size': 2, 'encoder_size': 2, 'sched_factor': 3, 'decoder_depth': 2, 'encoder_depth': 2, 'x_update_mode': 'entropy', 'optimiser_mode': 'adam', 'sched_patience': 10, 'control_rnn_size': 64, 'control_rnn_depth': 1, 'linearisation_mode': 'static', 'discretisation_mode': 'FE'}",nad_fin-01
2,"{'_runtime': 36044.858895455, '_step': 38, '_timestamp': 1745084923.7812798, '_wandb': {'runtime': 36046}, 'batch_size': 128, 'best_epoch': 13, 'best_test': 0.0014425614120675222, 'best_train': 0.00047000626812515925, 'best_val': 0.0014640686340354724, 'epoch': 38, 'lr': 0.0001111111111111111, 'n_epochs': 200, 'test_loss': 0.0015293375609972929, 'time': 36007.89186859131, 'train_loss': 0.0002980584377794349, 'val_loss': 0.0016054675076688117}","{'lr': 0.001, 'loss': 'mse', 'es_delta': 1e-07, 'mode_dnn': 'FFNet', 'mode_rnn': 'new', 'n_epochs': 200, 'batch_size': 128, 'es_patience': 25, 'decoder_mode': False, 'decoder_size': 2, 'encoder_size': 2, 'sched_factor': 3, 'decoder_depth': 2, 'encoder_depth': 2, 'x_update_mode': 'entropy', 'optimiser_mode': 'adam', 'sched_patience': 10, 'control_rnn_size': 64, 'control_rnn_depth': 1, 'linearisation_mode': 'static', 'discretisation_mode': 'FE'}",nad_fin-02
3,"{'_runtime': 36603.022565075, '_step': 39, '_timestamp': 1745085550.8135424, '_wandb': {'runtime': 36604}, 'batch_size': 128, 'best_epoch': 14, 'best_test': 0.0019512528322391317, 'best_train': 0.0004058164478688952, 'best_val': 0.0015142397583870677, 'epoch': 39, 'lr': 0.0001111111111111111, 'n_epochs': 200, 'test_loss': 0.0018570845430885027, 'time': 36535.59049010277, 'train_loss': 0.0003164248812902736, 'val_loss': 0.0015662787151837071}","{'lr': 0.001, 'loss': 'mse', 'es_delta': 1e-07, 'mode_dnn': 'FFNet', 'mode_rnn': 'new', 'n_epochs': 200, 'batch_size': 128, 'es_patience': 25, 'decoder_mode': False, 'decoder_size': 2, 'encoder_size': 2, 'sched_factor': 3, 'decoder_depth': 2, 'encoder_depth': 2, 'x_update_mode': 'entropy', 'optimiser_mode': 'adam', 'sched_patience': 10, 'control_rnn_size': 64, 'control_rnn_depth': 1, 'linearisation_mode': 'static', 'discretisation_mode': 'FE'}",nad_fin-03
4,"{'_runtime': 25975.8627245, '_step': 48, '_timestamp': 1745074943.3438628, '_wandb': {'runtime': 25977}, 'batch_size': 128, 'best_epoch': 23, 'best_test': 0.000989322930792465, 'best_train': 0.00032178244692712, 'best_val': 0.0015113631548408035, 'epoch': 48, 'lr': 3.703703703703703e-05, 'n_epochs': 200, 'test_loss': 0.000939019539348212, 'time': 25921.499685049057, 'train_loss': 0.00028861129678223435, 'val_loss': 0.0015368482727642423}","{'lr': 0.001, 'loss': 'mse', 'es_delta': 1e-07, 'mode_dnn': 'FFNet', 'mode_rnn': 'new', 'n_epochs': 200, 'batch_size': 128, 'es_patience': 25, 'decoder_mode': False, 'decoder_size': 2, 'encoder_size': 2, 'sched_factor': 3, 'decoder_depth': 2, 'encoder_depth': 2, 'x_update_mode': 'entropy', 'optimiser_mode': 'adam', 'sched_patience': 10, 'control_rnn_size': 64, 'control_rnn_depth': 1, 'linearisation_mode': 'static', 'discretisation_mode': 'FE'}",nad_fin-04
5,"{'_runtime': 35346.905613767, '_step': 37, '_timestamp': 1745084336.255882, '_wandb': {'runtime': 35348}, 'batch_size': 128, 'best_epoch': 12, 'best_test': 0.0008305157421596555, 'best_train': 0.000424059167377732, 'best_val': 0.0014673503045785415, 'epoch': 37, 'lr': 0.0001111111111111111, 'n_epochs': 200, 'test_loss': 0.0007522146967988062, 'time': 35250.84448480606, 'train_loss': 0.00031334841421407414, 'val_loss': 0.001722983031377514}","{'lr': 0.001, 'loss': 'mse', 'es_delta': 1e-07, 'mode_dnn': 'FFNet', 'mode_rnn': 'new', 'n_epochs': 200, 'batch_size': 128, 'es_patience': 25, 'decoder_mode': False, 'decoder_size': 2, 'encoder_size': 2, 'sched_factor': 3, 'decoder_depth': 2, 'encoder_depth': 2, 'x_update_mode': 'entropy', 'optimiser_mode': 'adam', 'sched_patience': 10, 'control_rnn_size': 64, 'control_rnn_depth': 1, 'linearisation_mode': 'static', 'discretisation_mode': 'FE'}",nad_fin-05
6,"{'_runtime': 26397.3319448, '_step': 49, '_timestamp': 1745075436.2651274, '_wandb': {'runtime': 26672}, 'batch_size': 128, 'best_epoch': 36, 'best_test': 0.0009660694316456404, 'best_train': 0.00031524040803551016, 'best_val': 0.0011199452245140465, 'epoch': 49, 'lr': 0.0001111111111111111, 'n_epochs': 200, 'test_loss': 0.0009271790593860684, 'time': 26297.079159736633, 'train_loss': 0.00030181880213955305, 'val_loss': 0.0011480379867457992}","{'lr': 0.001, 'loss': 'mse', 'es_delta': 1e-07, 'mode_dnn': 'FFNet', 'mode_rnn': 'new', 'n_epochs': 200, 'batch_size': 128, 'es_patience': 25, 'decoder_mode': False, 'decoder_size': 2, 'encoder_size': 2, 'sched_factor': 3, 'decoder_depth': 2, 'encoder_depth': 2, 'x_update_mode': 'entropy', 'optimiser_mode': 'adam', 'sched_patience': 10, 'control_rnn_size': 64, 'control_rnn_depth': 1, 'linearisation_mode': 'static', 'discretisation_mode': 'FE'}",nad_fin-06
7,"{'_runtime': 43522.011993423, '_step': 64, '_timestamp': 1745092601.24305, '_wandb': {'runtime': 43523}, 'batch_size': 128, 'best_epoch': 39, 'best_test': 0.0012807776886528165, 'best_train': 0.00029783287154425613, 'best_val': 0.0008764845442206096, 'epoch': 64, 'lr': 1.2345679012345677e-05, 'n_epochs': 200, 'test_loss': 0.0013239109668777222, 'time': 43366.56005525589, 'train_loss': 0.00028844675701596617, 'val_loss': 0.0008997731256097304}","{'lr': 0.001, 'loss': 'mse', 'es_delta': 1e-07, 'mode_dnn': 'FFNet', 'mode_rnn': 'new', 'n_epochs': 200, 'batch_size': 128, 'es_patience': 25, 'decoder_mode': False, 'decoder_size': 2, 'encoder_size': 2, 'sched_factor': 3, 'decoder_depth': 2, 'encoder_depth': 2, 'x_update_mode': 'entropy', 'optimiser_mode': 'adam', 'sched_patience': 10, 'control_rnn_size': 64, 'control_rnn_depth': 1, 'linearisation_mode': 'static', 'discretisation_mode': 'FE'}",nad_fin-07
8,"{'_runtime': 26425.7998859, '_step': 49, '_timestamp': 1745075520.049897, '_wandb': {'runtime': 26619}, 'batch_size': 128, 'best_epoch': 40, 'best_test': 0.0008523390028535181, 'best_train': 0.0003115540462276263, 'best_val': 0.001041067571638869, 'epoch': 49, 'lr': 0.0003333333333333333, 'n_epochs': 200, 'test_loss': 0.0009182050255023772, 'time': 26280.41813969612, 'train_loss': 0.00032580408746042173, 'val_loss': 0.0010681948535622926}","{'lr': 0.001, 'loss': 'mse', 'es_delta': 1e-07, 'mode_dnn': 'FFNet', 'mode_rnn': 'new', 'n_epochs': 200, 'batch_size': 128, 'es_patience': 25, 'decoder_mode': False, 'decoder_size': 2, 'encoder_size': 2, 'sched_factor': 3, 'decoder_depth': 2, 'encoder_depth': 2, 'x_update_mode': 'entropy', 'optimiser_mode': 'adam', 'sched_patience': 10, 'control_rnn_size': 64, 'control_rnn_depth': 1, 'linearisation_mode': 'static', 'discretisation_mode': 'FE'}",nad_fin-08
