,summary,config,name
1,"{'_runtime': 24800.562728388, '_step': 41, '_timestamp': 1744992094.9435449, '_wandb': {'runtime': 24800}, 'batch_size': 128, 'best_epoch': 17, 'best_test': 0.37205011143334327, 'best_train': 0.01880711134739969, 'best_val': 0.03923859698550096, 'epoch': 41, 'lr': 0.0001111111111111111, 'n_epochs': 200, 'test_loss': 0.3810930489784195, 'time': 24773.943738937374, 'train_loss': 0.009304772237089105, 'val_loss': 0.040294404481611555}","{'lr': 0.001, 'loss': 'mse', 'es_delta': 1e-07, 'mode_dnn': 'FFNet', 'mode_rnn': 'new', 'n_epochs': 200, 'batch_size': 128, 'es_patience': 25, 'decoder_size': 2, 'encoder_size': 2, 'sched_factor': 3, 'decoder_depth': 2, 'encoder_depth': 2, 'x_update_mode': 'entropy', 'optimiser_mode': 'adam', 'sched_patience': 10, 'control_rnn_size': 48, 'control_rnn_depth': 1, 'linearisation_mode': 'static', 'discretisation_mode': 'TU'}",vdp_fin-17
2,"{'_runtime': 25047.739871993, '_step': 41, '_timestamp': 1744992406.3655648, '_wandb': {'runtime': 25047}, 'batch_size': 128, 'best_epoch': 38, 'best_test': 0.18551048234341636, 'best_train': 0.018694079727446907, 'best_val': 0.04935606914971556, 'epoch': 41, 'lr': 0.001, 'n_epochs': 200, 'test_loss': 0.3322731658579811, 'time': 24997.622232198715, 'train_loss': 0.012648092154117803, 'val_loss': 0.07050095599085565}","{'lr': 0.001, 'loss': 'mse', 'es_delta': 1e-07, 'mode_dnn': 'FFNet', 'mode_rnn': 'new', 'n_epochs': 200, 'batch_size': 128, 'es_patience': 25, 'decoder_size': 2, 'encoder_size': 2, 'sched_factor': 3, 'decoder_depth': 2, 'encoder_depth': 2, 'x_update_mode': 'entropy', 'optimiser_mode': 'adam', 'sched_patience': 10, 'control_rnn_size': 48, 'control_rnn_depth': 1, 'linearisation_mode': 'static', 'discretisation_mode': 'TU'}",vdp_fin-20
3,"{'_runtime': 14413.8450394, '_step': 35, '_timestamp': 1745035363.1150892, '_wandb': {'runtime': 14415}, 'batch_size': 128, 'best_epoch': 10, 'best_test': 0.10330623837690504, 'best_train': 0.048051942208850826, 'best_val': 0.07796551145258404, 'epoch': 35, 'lr': 0.0001111111111111111, 'n_epochs': 200, 'test_loss': 0.0637062888237692, 'time': 14322.968437433245, 'train_loss': 0.010288866589131652, 'val_loss': 0.09162203255035574}","{'lr': 0.001, 'loss': 'mse', 'es_delta': 1e-07, 'mode_dnn': 'FFNet', 'mode_rnn': 'new', 'n_epochs': 200, 'batch_size': 128, 'es_patience': 25, 'decoder_size': 2, 'encoder_size': 2, 'sched_factor': 3, 'decoder_depth': 2, 'encoder_depth': 2, 'x_update_mode': 'entropy', 'optimiser_mode': 'adam', 'sched_patience': 10, 'control_rnn_size': 48, 'control_rnn_depth': 1, 'linearisation_mode': 'static', 'discretisation_mode': 'TU'}",vdp_fin-30
4,"{'_runtime': 27101.032185183, '_step': 64, '_timestamp': 1745048060.7771738, '_wandb': {'runtime': 27287}, 'batch_size': 128, 'best_epoch': 48, 'best_test': 0.20334894343146256, 'best_train': 0.007822730598192681, 'best_val': 0.05924196632963325, 'epoch': 64, 'lr': 3.703703703703703e-05, 'n_epochs': 200, 'test_loss': 0.18718077029500688, 'time': 26983.83500981331, 'train_loss': 0.006857608580498626, 'val_loss': 0.06586868224281167}","{'lr': 0.001, 'loss': 'mse', 'es_delta': 1e-07, 'mode_dnn': 'FFNet', 'mode_rnn': 'new', 'n_epochs': 200, 'batch_size': 128, 'es_patience': 25, 'decoder_size': 2, 'encoder_size': 2, 'sched_factor': 3, 'decoder_depth': 2, 'encoder_depth': 2, 'x_update_mode': 'entropy', 'optimiser_mode': 'adam', 'sched_patience': 10, 'control_rnn_size': 48, 'control_rnn_depth': 1, 'linearisation_mode': 'static', 'discretisation_mode': 'TU'}",vdp_fin-31
5,"{'_runtime': 50479.4042825, '_step': 109, '_timestamp': 1745048161.6666896, '_wandb': {'runtime': 50537}, 'batch_size': 96, 'best_epoch': 89, 'best_test': 0.03976749074423597, 'best_train': 0.007237102129563157, 'best_val': 0.03363654842334134, 'epoch': 109, 'lr': 3.703703703703703e-05, 'n_epochs': 200, 'test_loss': 0.03920271119014138, 'time': 50430.105108737946, 'train_loss': 0.005971336518303447, 'val_loss': 0.03642121939698145}","{'lr': 0.001, 'loss': 'mse', 'es_delta': 1e-07, 'mode_dnn': 'FFNet', 'mode_rnn': 'new', 'n_epochs': 200, 'batch_size': 96, 'es_patience': 25, 'decoder_size': 2, 'encoder_size': 2, 'sched_factor': 3, 'decoder_depth': 2, 'encoder_depth': 2, 'x_update_mode': 'entropy', 'optimiser_mode': 'adam', 'sched_patience': 10, 'control_rnn_size': 48, 'control_rnn_depth': 1, 'linearisation_mode': 'static', 'discretisation_mode': 'TU'}",vdp_fin-25
6,"{'_runtime': 22224.9329836, '_step': 38, '_timestamp': 1745019979.4344923, '_wandb': {'runtime': 22226}, 'batch_size': 96, 'best_epoch': 13, 'best_test': 0.0805602085200094, 'best_train': 0.022054044766322015, 'best_val': 0.0503270078361744, 'epoch': 38, 'lr': 0.0001111111111111111, 'n_epochs': 200, 'test_loss': 0.08775134371327502, 'time': 22148.795104265213, 'train_loss': 0.008689052020643084, 'val_loss': 0.053292317781597376}","{'lr': 0.001, 'loss': 'mse', 'es_delta': 1e-07, 'mode_dnn': 'FFNet', 'mode_rnn': 'new', 'n_epochs': 200, 'batch_size': 96, 'es_patience': 25, 'decoder_size': 2, 'encoder_size': 2, 'sched_factor': 3, 'decoder_depth': 2, 'encoder_depth': 2, 'x_update_mode': 'entropy', 'optimiser_mode': 'adam', 'sched_patience': 10, 'control_rnn_size': 48, 'control_rnn_depth': 1, 'linearisation_mode': 'static', 'discretisation_mode': 'TU'}",vdp_fin-26
7,"{'_runtime': 26150.7766176, '_step': 57, '_timestamp': 1745024005.238948, '_wandb': {'runtime': 26152}, 'batch_size': 128, 'best_epoch': 32, 'best_test': 0.20937591921242457, 'best_train': 0.016773478068884403, 'best_val': 0.04671976431494668, 'epoch': 57, 'lr': 0.0001111111111111111, 'n_epochs': 200, 'test_loss': 0.22541810371099957, 'time': 26046.059830904007, 'train_loss': 0.009384679854428642, 'val_loss': 0.07752436940513906}","{'lr': 0.001, 'loss': 'mse', 'es_delta': 1e-07, 'mode_dnn': 'FFNet', 'mode_rnn': 'new', 'n_epochs': 200, 'batch_size': 128, 'es_patience': 25, 'decoder_size': 2, 'encoder_size': 2, 'sched_factor': 3, 'decoder_depth': 2, 'encoder_depth': 2, 'x_update_mode': 'entropy', 'optimiser_mode': 'adam', 'sched_patience': 10, 'control_rnn_size': 48, 'control_rnn_depth': 1, 'linearisation_mode': 'static', 'discretisation_mode': 'TU'}",vdp_fin-27
8,"{'_runtime': 22564.094232183, '_step': 31, '_timestamp': 1745020504.4196167, '_wandb': {'runtime': 22565}, 'batch_size': 128, 'best_epoch': 6, 'best_test': 0.06420715886449056, 'best_train': 0.08461887200200369, 'best_val': 0.06854721815103576, 'epoch': 31, 'lr': 0.0001111111111111111, 'n_epochs': 200, 'test_loss': 0.05380404022123132, 'time': 22432.012129068375, 'train_loss': 0.010743327093897042, 'val_loss': 0.12323759916046308}","{'lr': 0.001, 'loss': 'mse', 'es_delta': 1e-07, 'mode_dnn': 'FFNet', 'mode_rnn': 'new', 'n_epochs': 200, 'batch_size': 128, 'es_patience': 25, 'decoder_size': 2, 'encoder_size': 2, 'sched_factor': 3, 'decoder_depth': 2, 'encoder_depth': 2, 'x_update_mode': 'entropy', 'optimiser_mode': 'adam', 'sched_patience': 10, 'control_rnn_size': 48, 'control_rnn_depth': 1, 'linearisation_mode': 'static', 'discretisation_mode': 'TU'}",vdp_fin-28
9,"{'_runtime': 21537.9411975, '_step': 60, '_timestamp': 1745042448.450169, '_wandb': {'runtime': 21540}, 'batch_size': 128, 'best_epoch': 35, 'best_test': 0.13285470712516043, 'best_train': 0.013938611565482996, 'best_val': 0.04648310729553775, 'epoch': 60, 'lr': 0.0001111111111111111, 'n_epochs': 200, 'test_loss': 0.1380845368618057, 'time': 21450.997567653656, 'train_loss': 0.008052988810632279, 'val_loss': 0.04932496758798758}","{'lr': 0.001, 'loss': 'mse', 'es_delta': 1e-07, 'mode_dnn': 'FFNet', 'mode_rnn': 'new', 'n_epochs': 200, 'batch_size': 128, 'es_patience': 25, 'decoder_size': 2, 'encoder_size': 2, 'sched_factor': 3, 'decoder_depth': 2, 'encoder_depth': 2, 'x_update_mode': 'entropy', 'optimiser_mode': 'adam', 'sched_patience': 10, 'control_rnn_size': 48, 'control_rnn_depth': 1, 'linearisation_mode': 'static', 'discretisation_mode': 'TU'}",vdp_fin-29
